-- MariaDB dump 10.18  Distrib 10.4.16-MariaDB, for Win64 (AMD64)
--
-- Host: localhost    Database: qlks
-- ------------------------------------------------------
-- Server version	10.4.16-MariaDB

/*!40101 SET @OLD_CHARACTER_SET_CLIENT=@@CHARACTER_SET_CLIENT */;
/*!40101 SET @OLD_CHARACTER_SET_RESULTS=@@CHARACTER_SET_RESULTS */;
/*!40101 SET @OLD_COLLATION_CONNECTION=@@COLLATION_CONNECTION */;
/*!40101 SET NAMES utf8mb4 */;
/*!40103 SET @OLD_TIME_ZONE=@@TIME_ZONE */;
/*!40103 SET TIME_ZONE='+00:00' */;
/*!40014 SET @OLD_UNIQUE_CHECKS=@@UNIQUE_CHECKS, UNIQUE_CHECKS=0 */;
/*!40014 SET @OLD_FOREIGN_KEY_CHECKS=@@FOREIGN_KEY_CHECKS, FOREIGN_KEY_CHECKS=0 */;
/*!40101 SET @OLD_SQL_MODE=@@SQL_MODE, SQL_MODE='NO_AUTO_VALUE_ON_ZERO' */;
/*!40111 SET @OLD_SQL_NOTES=@@SQL_NOTES, SQL_NOTES=0 */;

--
-- Table structure for table `chucvu`
--

DROP TABLE IF EXISTS `chucvu`;
/*!40101 SET @saved_cs_client     = @@character_set_client */;
/*!40101 SET character_set_client = utf8 */;
CREATE TABLE `chucvu` (
  `macv` char(10) NOT NULL,
  `tencv` varchar(50) NOT NULL,
  `hesoluong` int(11) NOT NULL,
  PRIMARY KEY (`macv`)
) ENGINE=InnoDB DEFAULT CHARSET=utf8;
/*!40101 SET character_set_client = @saved_cs_client */;

--
-- Dumping data for table `chucvu`
--

LOCK TABLES `chucvu` WRITE;
/*!40000 ALTER TABLE `chucvu` DISABLE KEYS */;
INSERT INTO `chucvu` VALUES ('LC','Lao công',5000000),('LT','Lễ tân',7000000),('PV','Phục vụ',6000000);
/*!40000 ALTER TABLE `chucvu` ENABLE KEYS */;
UNLOCK TABLES;

--
-- Table structure for table `dangnhap`
--

DROP TABLE IF EXISTS `dangnhap`;
/*!40101 SET @saved_cs_client     = @@character_set_client */;
/*!40101 SET character_set_client = utf8 */;
CREATE TABLE `dangnhap` (
  `tendangnhap` varchar(50) NOT NULL,
  `matkhau` varchar(30) NOT NULL
) ENGINE=InnoDB DEFAULT CHARSET=utf8;
/*!40101 SET character_set_client = @saved_cs_client */;

--
-- Dumping data for table `dangnhap`
--

LOCK TABLES `dangnhap` WRITE;
/*!40000 ALTER TABLE `dangnhap` DISABLE KEYS */;
INSERT INTO `dangnhap` VALUES ('admin','admin');
/*!40000 ALTER TABLE `dangnhap` ENABLE KEYS */;
UNLOCK TABLES;

--
-- Table structure for table `hoadon`
--

DROP TABLE IF EXISTS `hoadon`;
/*!40101 SET @saved_cs_client     = @@character_set_client */;
/*!40101 SET character_set_client = utf8 */;
CREATE TABLE `hoadon` (
  `ma` char(10) DEFAULT NULL,
  `tenkh` varchar(50) NOT NULL,
  `sophong` int(11) NOT NULL,
  `dongia_ngay` int(11) NOT NULL,
  `tgianden` char(10) NOT NULL,
  `tgiandi` char(10) NOT NULL,
  `tongtgian` char(20) NOT NULL,
  `tongtien` float NOT NULL,
  KEY `ma` (`ma`),
  CONSTRAINT `hoadon_ibfk_1` FOREIGN KEY (`ma`) REFERENCES `thuephong` (`ma_kh`)
) ENGINE=InnoDB DEFAULT CHARSET=utf8;
/*!40101 SET character_set_client = @saved_cs_client */;

--
-- Dumping data for table `hoadon`
--

LOCK TABLES `hoadon` WRITE;
/*!40000 ALTER TABLE `hoadon` DISABLE KEYS */;
/*!40000 ALTER TABLE `hoadon` ENABLE KEYS */;
UNLOCK TABLES;

--
-- Table structure for table `khachhang`
--

DROP TABLE IF EXISTS `khachhang`;
/*!40101 SET @saved_cs_client     = @@character_set_client */;
/*!40101 SET character_set_client = utf8 */;
CREATE TABLE `khachhang` (
  `makh` char(10) NOT NULL,
  `tenkh` varchar(50) NOT NULL,
  `cmnd` char(15) NOT NULL,
  `gioitinh` char(10) NOT NULL,
  `sdt` char(15) NOT NULL,
  `diachi` varchar(100) NOT NULL,
  PRIMARY KEY (`makh`)
) ENGINE=InnoDB DEFAULT CHARSET=utf8;
/*!40101 SET character_set_client = @saved_cs_client */;

--
-- Dumping data for table `khachhang`
--

LOCK TABLES `khachhang` WRITE;
/*!40000 ALTER TABLE `khachhang` DISABLE KEYS */;
INSERT INTO `khachhang` VALUES ('01','Sơn Thuơl','123456789','Nam','0355393873','Sóc Trăng'),('02','Nguyễn Anh Thư','385778374','Nữ','0355763552','Bạc Liêu'),('03','Trần Thúy Vy','385382927','Nữ','0822777449','Bạc Liêu'),('04','Lê Trung Hiếu','648246283','Nam','0818345123','Hậu Giang');
/*!40000 ALTER TABLE `khachhang` ENABLE KEYS */;
UNLOCK TABLES;

--
-- Table structure for table `nhanvien`
--

DROP TABLE IF EXISTS `nhanvien`;
/*!40101 SET @saved_cs_client     = @@character_set_client */;
/*!40101 SET character_set_client = utf8 */;
CREATE TABLE `nhanvien` (
  `manv` char(10) NOT NULL,
  `tennv` varchar(50) NOT NULL,
  `macv` char(10) DEFAULT NULL,
  `namsinh` char(5) NOT NULL,
  `gioitinh` char(10) NOT NULL,
  `diachi` varchar(100) NOT NULL,
  `sdt` char(15) NOT NULL,
  PRIMARY KEY (`manv`),
  KEY `macv` (`macv`),
  CONSTRAINT `nhanvien_ibfk_1` FOREIGN KEY (`macv`) REFERENCES `chucvu` (`macv`)
) ENGINE=InnoDB DEFAULT CHARSET=utf8;
/*!40101 SET character_set_client = @saved_cs_client */;

--
-- Dumping data for table `nhanvien`
--

LOCK TABLES `nhanvien` WRITE;
/*!40000 ALTER TABLE `nhanvien` DISABLE KEYS */;
INSERT INTO `nhanvien` VALUES ('01','Sơn Thuơl','PV','2000','Nam','Sóc Trăng','0355393873'),('02','Nguyễn Anh Thư','LT','2000','Nữ','Bạc Liêu','0355763552'),('03','Trần Thúy Vy','LT','2000','Nữ','Bạc Liêu','0822777449'),('04','Lê Trung Hiếu','PV','2000','Nam','Hậu Giang','0818345123'),('05','Nguyễn Minh Trí','LC','2002','Nam','Sóc Trăng','0355663873'),('06','Phạm Lê','PV','2000','Nam','Kiêng Giang','0898117223'),('07','Nguyễn Thị Nguyên','LT','2000','Nữ','Đồng Tháp','0355914254');
/*!40000 ALTER TABLE `nhanvien` ENABLE KEYS */;
UNLOCK TABLES;

--
-- Table structure for table `phong`
--

DROP TABLE IF EXISTS `phong`;
/*!40101 SET @saved_cs_client     = @@character_set_client */;
/*!40101 SET character_set_client = utf8 */;
CREATE TABLE `phong` (
  `sophong` int(11) NOT NULL,
  `soluongnguoio` int(11) NOT NULL,
  `dongia_ngay` int(11) NOT NULL,
  `trangthai` int(11) NOT NULL,
  PRIMARY KEY (`sophong`)
) ENGINE=InnoDB DEFAULT CHARSET=utf8;
/*!40101 SET character_set_client = @saved_cs_client */;

--
-- Dumping data for table `phong`
--

LOCK TABLES `phong` WRITE;
/*!40000 ALTER TABLE `phong` DISABLE KEYS */;
INSERT INTO `phong` VALUES (1,2,300000,0),(2,2,300000,0),(3,2,300000,0),(4,2,300000,1),(5,2,300000,0),(6,2,300000,1),(7,2,300000,0),(8,2,300000,0),(9,2,300000,0),(10,2,300000,0),(11,4,500000,1),(12,4,500000,0),(13,4,500000,0),(14,4,500000,0),(15,8,1000000,0),(16,8,1000000,0),(17,8,1000000,0),(18,8,1000000,0),(19,10,1200000,0),(20,10,1200000,0);
/*!40000 ALTER TABLE `phong` ENABLE KEYS */;
UNLOCK TABLES;

--
-- Table structure for table `thuephong`
--

DROP TABLE IF EXISTS `thuephong`;
/*!40101 SET @saved_cs_client     = @@character_set_client */;
/*!40101 SET character_set_client = utf8 */;
CREATE TABLE `thuephong` (
  `ma_kh` char(10) DEFAULT NULL,
  `tenkh` varchar(50) NOT NULL,
  `so_phong` int(11) DEFAULT NULL,
  `dongia_ngay` int(11) NOT NULL,
  `tgianden` char(10) NOT NULL,
  `trangthai` int(11) NOT NULL,
  KEY `ma_kh` (`ma_kh`),
  KEY `so_phong` (`so_phong`),
  CONSTRAINT `thuephong_ibfk_1` FOREIGN KEY (`ma_kh`) REFERENCES `khachhang` (`makh`),
  CONSTRAINT `thuephong_ibfk_2` FOREIGN KEY (`so_phong`) REFERENCES `phong` (`sophong`)
) ENGINE=InnoDB DEFAULT CHARSET=utf8;
/*!40101 SET character_set_client = @saved_cs_client */;

--
-- Dumping data for table `thuephong`
--

LOCK TABLES `thuephong` WRITE;
/*!40000 ALTER TABLE `thuephong` DISABLE KEYS */;
INSERT INTO `thuephong` VALUES ('01','Sơn Thuơl',4,300000,'10-12-2019',1),('02','Nguyễn Thị Anh Thư',6,300000,'12-12-2019',1),('03','Trần Thúy Vy',11,500000,'19-12-2019',1);
/*!40000 ALTER TABLE `thuephong` ENABLE KEYS */;
UNLOCK TABLES;

--
-- Dumping routines for database 'qlks'
--
/*!50003 DROP PROCEDURE IF EXISTS `capnhatdanhsachphong` */;
/*!50003 SET @saved_cs_client      = @@character_set_client */ ;
/*!50003 SET @saved_cs_results     = @@character_set_results */ ;
/*!50003 SET @saved_col_connection = @@collation_connection */ ;
/*!50003 SET character_set_client  = utf8 */ ;
/*!50003 SET character_set_results = utf8 */ ;
/*!50003 SET collation_connection  = utf8_general_ci */ ;
/*!50003 SET @saved_sql_mode       = @@sql_mode */ ;
/*!50003 SET sql_mode              = 'NO_ZERO_IN_DATE,NO_ZERO_DATE,NO_ENGINE_SUBSTITUTION' */ ;
DELIMITER ;;
CREATE DEFINER=`root`@`localhost` PROCEDURE `capnhatdanhsachphong`(IN sphong int)
begin
	update phong set trangthai = 0
	where sophong = sphong;
end ;;
DELIMITER ;
/*!50003 SET sql_mode              = @saved_sql_mode */ ;
/*!50003 SET character_set_client  = @saved_cs_client */ ;
/*!50003 SET character_set_results = @saved_cs_results */ ;
/*!50003 SET collation_connection  = @saved_col_connection */ ;
/*!50003 DROP PROCEDURE IF EXISTS `capnhatkhachhangthuephong` */;
/*!50003 SET @saved_cs_client      = @@character_set_client */ ;
/*!50003 SET @saved_cs_results     = @@character_set_results */ ;
/*!50003 SET @saved_col_connection = @@collation_connection */ ;
/*!50003 SET character_set_client  = utf8 */ ;
/*!50003 SET character_set_results = utf8 */ ;
/*!50003 SET collation_connection  = utf8_general_ci */ ;
/*!50003 SET @saved_sql_mode       = @@sql_mode */ ;
/*!50003 SET sql_mode              = 'NO_ZERO_IN_DATE,NO_ZERO_DATE,NO_ENGINE_SUBSTITUTION' */ ;
DELIMITER ;;
CREATE DEFINER=`root`@`localhost` PROCEDURE `capnhatkhachhangthuephong`( IN  makhachhang char(10), in tt char(2))
begin
	update thuephong  set  trangthai = tt
	where ma_kh = makhachhang;
end ;;
DELIMITER ;
/*!50003 SET sql_mode              = @saved_sql_mode */ ;
/*!50003 SET character_set_client  = @saved_cs_client */ ;
/*!50003 SET character_set_results = @saved_cs_results */ ;
/*!50003 SET collation_connection  = @saved_col_connection */ ;
/*!50003 DROP PROCEDURE IF EXISTS `capnhattrangthaiphong` */;
/*!50003 SET @saved_cs_client      = @@character_set_client */ ;
/*!50003 SET @saved_cs_results     = @@character_set_results */ ;
/*!50003 SET @saved_col_connection = @@collation_connection */ ;
/*!50003 SET character_set_client  = utf8 */ ;
/*!50003 SET character_set_results = utf8 */ ;
/*!50003 SET collation_connection  = utf8_general_ci */ ;
/*!50003 SET @saved_sql_mode       = @@sql_mode */ ;
/*!50003 SET sql_mode              = 'NO_ZERO_IN_DATE,NO_ZERO_DATE,NO_ENGINE_SUBSTITUTION' */ ;
DELIMITER ;;
CREATE DEFINER=`root`@`localhost` PROCEDURE `capnhattrangthaiphong`(IN map char(10))
begin
	update phong set trangthai = 1
	where sophong = map;
end ;;
DELIMITER ;
/*!50003 SET sql_mode              = @saved_sql_mode */ ;
/*!50003 SET character_set_client  = @saved_cs_client */ ;
/*!50003 SET character_set_results = @saved_cs_results */ ;
/*!50003 SET collation_connection  = @saved_col_connection */ ;
/*!50003 DROP PROCEDURE IF EXISTS `hienthidanhsachthuephong` */;
/*!50003 SET @saved_cs_client      = @@character_set_client */ ;
/*!50003 SET @saved_cs_results     = @@character_set_results */ ;
/*!50003 SET @saved_col_connection = @@collation_connection */ ;
/*!50003 SET character_set_client  = utf8 */ ;
/*!50003 SET character_set_results = utf8 */ ;
/*!50003 SET collation_connection  = utf8_general_ci */ ;
/*!50003 SET @saved_sql_mode       = @@sql_mode */ ;
/*!50003 SET sql_mode              = 'NO_ZERO_IN_DATE,NO_ZERO_DATE,NO_ENGINE_SUBSTITUTION' */ ;
DELIMITER ;;
CREATE DEFINER=`root`@`localhost` PROCEDURE `hienthidanhsachthuephong`()
begin
	select * from thuephong where trangthai = 1;
end ;;
DELIMITER ;
/*!50003 SET sql_mode              = @saved_sql_mode */ ;
/*!50003 SET character_set_client  = @saved_cs_client */ ;
/*!50003 SET character_set_results = @saved_cs_results */ ;
/*!50003 SET collation_connection  = @saved_col_connection */ ;
/*!50003 DROP PROCEDURE IF EXISTS `hienthiphong` */;
/*!50003 SET @saved_cs_client      = @@character_set_client */ ;
/*!50003 SET @saved_cs_results     = @@character_set_results */ ;
/*!50003 SET @saved_col_connection = @@collation_connection */ ;
/*!50003 SET character_set_client  = utf8 */ ;
/*!50003 SET character_set_results = utf8 */ ;
/*!50003 SET collation_connection  = utf8_general_ci */ ;
/*!50003 SET @saved_sql_mode       = @@sql_mode */ ;
/*!50003 SET sql_mode              = 'NO_ZERO_IN_DATE,NO_ZERO_DATE,NO_ENGINE_SUBSTITUTION' */ ;
DELIMITER ;;
CREATE DEFINER=`root`@`localhost` PROCEDURE `hienthiphong`()
begin
	select * from phong ;
end ;;
DELIMITER ;
/*!50003 SET sql_mode              = @saved_sql_mode */ ;
/*!50003 SET character_set_client  = @saved_cs_client */ ;
/*!50003 SET character_set_results = @saved_cs_results */ ;
/*!50003 SET collation_connection  = @saved_col_connection */ ;
/*!50003 DROP PROCEDURE IF EXISTS `hienthiphongtrong` */;
/*!50003 SET @saved_cs_client      = @@character_set_client */ ;
/*!50003 SET @saved_cs_results     = @@character_set_results */ ;
/*!50003 SET @saved_col_connection = @@collation_connection */ ;
/*!50003 SET character_set_client  = utf8 */ ;
/*!50003 SET character_set_results = utf8 */ ;
/*!50003 SET collation_connection  = utf8_general_ci */ ;
/*!50003 SET @saved_sql_mode       = @@sql_mode */ ;
/*!50003 SET sql_mode              = 'NO_ZERO_IN_DATE,NO_ZERO_DATE,NO_ENGINE_SUBSTITUTION' */ ;
DELIMITER ;;
CREATE DEFINER=`root`@`localhost` PROCEDURE `hienthiphongtrong`()
begin
	select * from phong 
	where trangthai = "0" ;
end ;;
DELIMITER ;
/*!50003 SET sql_mode              = @saved_sql_mode */ ;
/*!50003 SET character_set_client  = @saved_cs_client */ ;
/*!50003 SET character_set_results = @saved_cs_results */ ;
/*!50003 SET collation_connection  = @saved_col_connection */ ;
/*!50003 DROP PROCEDURE IF EXISTS `hienthithongtinhoadon` */;
/*!50003 SET @saved_cs_client      = @@character_set_client */ ;
/*!50003 SET @saved_cs_results     = @@character_set_results */ ;
/*!50003 SET @saved_col_connection = @@collation_connection */ ;
/*!50003 SET character_set_client  = utf8 */ ;
/*!50003 SET character_set_results = utf8 */ ;
/*!50003 SET collation_connection  = utf8_general_ci */ ;
/*!50003 SET @saved_sql_mode       = @@sql_mode */ ;
/*!50003 SET sql_mode              = 'NO_ZERO_IN_DATE,NO_ZERO_DATE,NO_ENGINE_SUBSTITUTION' */ ;
DELIMITER ;;
CREATE DEFINER=`root`@`localhost` PROCEDURE `hienthithongtinhoadon`()
begin
	select * from hoadon;
end ;;
DELIMITER ;
/*!50003 SET sql_mode              = @saved_sql_mode */ ;
/*!50003 SET character_set_client  = @saved_cs_client */ ;
/*!50003 SET character_set_results = @saved_cs_results */ ;
/*!50003 SET collation_connection  = @saved_col_connection */ ;
/*!50003 DROP PROCEDURE IF EXISTS `hienthithongtinkhachhang` */;
/*!50003 SET @saved_cs_client      = @@character_set_client */ ;
/*!50003 SET @saved_cs_results     = @@character_set_results */ ;
/*!50003 SET @saved_col_connection = @@collation_connection */ ;
/*!50003 SET character_set_client  = utf8 */ ;
/*!50003 SET character_set_results = utf8 */ ;
/*!50003 SET collation_connection  = utf8_general_ci */ ;
/*!50003 SET @saved_sql_mode       = @@sql_mode */ ;
/*!50003 SET sql_mode              = 'NO_ZERO_IN_DATE,NO_ZERO_DATE,NO_ENGINE_SUBSTITUTION' */ ;
DELIMITER ;;
CREATE DEFINER=`root`@`localhost` PROCEDURE `hienthithongtinkhachhang`()
begin
	select * from khachhang ;
end ;;
DELIMITER ;
/*!50003 SET sql_mode              = @saved_sql_mode */ ;
/*!50003 SET character_set_client  = @saved_cs_client */ ;
/*!50003 SET character_set_results = @saved_cs_results */ ;
/*!50003 SET collation_connection  = @saved_col_connection */ ;
/*!50003 DROP PROCEDURE IF EXISTS `hienthithongtinnhanvien` */;
/*!50003 SET @saved_cs_client      = @@character_set_client */ ;
/*!50003 SET @saved_cs_results     = @@character_set_results */ ;
/*!50003 SET @saved_col_connection = @@collation_connection */ ;
/*!50003 SET character_set_client  = utf8 */ ;
/*!50003 SET character_set_results = utf8 */ ;
/*!50003 SET collation_connection  = utf8_general_ci */ ;
/*!50003 SET @saved_sql_mode       = @@sql_mode */ ;
/*!50003 SET sql_mode              = 'NO_ZERO_IN_DATE,NO_ZERO_DATE,NO_ENGINE_SUBSTITUTION' */ ;
DELIMITER ;;
CREATE DEFINER=`root`@`localhost` PROCEDURE `hienthithongtinnhanvien`()
begin
	select * from nhanvien ;
end ;;
DELIMITER ;
/*!50003 SET sql_mode              = @saved_sql_mode */ ;
/*!50003 SET character_set_client  = @saved_cs_client */ ;
/*!50003 SET character_set_results = @saved_cs_results */ ;
/*!50003 SET collation_connection  = @saved_col_connection */ ;
/*!50003 DROP PROCEDURE IF EXISTS `kiemtradangnhap` */;
/*!50003 SET @saved_cs_client      = @@character_set_client */ ;
/*!50003 SET @saved_cs_results     = @@character_set_results */ ;
/*!50003 SET @saved_col_connection = @@collation_connection */ ;
/*!50003 SET character_set_client  = utf8 */ ;
/*!50003 SET character_set_results = utf8 */ ;
/*!50003 SET collation_connection  = utf8_general_ci */ ;
/*!50003 SET @saved_sql_mode       = @@sql_mode */ ;
/*!50003 SET sql_mode              = 'NO_ZERO_IN_DATE,NO_ZERO_DATE,NO_ENGINE_SUBSTITUTION' */ ;
DELIMITER ;;
CREATE DEFINER=`root`@`localhost` PROCEDURE `kiemtradangnhap`(IN ten varchar(50), IN mk varchar(50))
begin
	select * from dangnhap 
	where tendangnhap = ten and matkhau = mk;
end ;;
DELIMITER ;
/*!50003 SET sql_mode              = @saved_sql_mode */ ;
/*!50003 SET character_set_client  = @saved_cs_client */ ;
/*!50003 SET character_set_results = @saved_cs_results */ ;
/*!50003 SET collation_connection  = @saved_col_connection */ ;
/*!50003 DROP PROCEDURE IF EXISTS `kiemtratontaikhachhang` */;
/*!50003 SET @saved_cs_client      = @@character_set_client */ ;
/*!50003 SET @saved_cs_results     = @@character_set_results */ ;
/*!50003 SET @saved_col_connection = @@collation_connection */ ;
/*!50003 SET character_set_client  = utf8 */ ;
/*!50003 SET character_set_results = utf8 */ ;
/*!50003 SET collation_connection  = utf8_general_ci */ ;
/*!50003 SET @saved_sql_mode       = @@sql_mode */ ;
/*!50003 SET sql_mode              = 'NO_ZERO_IN_DATE,NO_ZERO_DATE,NO_ENGINE_SUBSTITUTION' */ ;
DELIMITER ;;
CREATE DEFINER=`root`@`localhost` PROCEDURE `kiemtratontaikhachhang`(IN ma_kh char(10))
begin
	select * from khachhang
	where makh = ma_kh ;
end ;;
DELIMITER ;
/*!50003 SET sql_mode              = @saved_sql_mode */ ;
/*!50003 SET character_set_client  = @saved_cs_client */ ;
/*!50003 SET character_set_results = @saved_cs_results */ ;
/*!50003 SET collation_connection  = @saved_col_connection */ ;
/*!50003 DROP PROCEDURE IF EXISTS `kiemtratontainhanvien` */;
/*!50003 SET @saved_cs_client      = @@character_set_client */ ;
/*!50003 SET @saved_cs_results     = @@character_set_results */ ;
/*!50003 SET @saved_col_connection = @@collation_connection */ ;
/*!50003 SET character_set_client  = utf8 */ ;
/*!50003 SET character_set_results = utf8 */ ;
/*!50003 SET collation_connection  = utf8_general_ci */ ;
/*!50003 SET @saved_sql_mode       = @@sql_mode */ ;
/*!50003 SET sql_mode              = 'NO_ZERO_IN_DATE,NO_ZERO_DATE,NO_ENGINE_SUBSTITUTION' */ ;
DELIMITER ;;
CREATE DEFINER=`root`@`localhost` PROCEDURE `kiemtratontainhanvien`(IN ma_nv char(10))
begin
	select * from nhanvien
	where manv = ma_nv ;
end ;;
DELIMITER ;
/*!50003 SET sql_mode              = @saved_sql_mode */ ;
/*!50003 SET character_set_client  = @saved_cs_client */ ;
/*!50003 SET character_set_results = @saved_cs_results */ ;
/*!50003 SET collation_connection  = @saved_col_connection */ ;
/*!50003 DROP PROCEDURE IF EXISTS `sapxeptheoma` */;
/*!50003 SET @saved_cs_client      = @@character_set_client */ ;
/*!50003 SET @saved_cs_results     = @@character_set_results */ ;
/*!50003 SET @saved_col_connection = @@collation_connection */ ;
/*!50003 SET character_set_client  = utf8 */ ;
/*!50003 SET character_set_results = utf8 */ ;
/*!50003 SET collation_connection  = utf8_general_ci */ ;
/*!50003 SET @saved_sql_mode       = @@sql_mode */ ;
/*!50003 SET sql_mode              = 'NO_ZERO_IN_DATE,NO_ZERO_DATE,NO_ENGINE_SUBSTITUTION' */ ;
DELIMITER ;;
CREATE DEFINER=`root`@`localhost` PROCEDURE `sapxeptheoma`()
begin
	select * from nhanvien order by manv;
end ;;
DELIMITER ;
/*!50003 SET sql_mode              = @saved_sql_mode */ ;
/*!50003 SET character_set_client  = @saved_cs_client */ ;
/*!50003 SET character_set_results = @saved_cs_results */ ;
/*!50003 SET collation_connection  = @saved_col_connection */ ;
/*!50003 DROP PROCEDURE IF EXISTS `sapxeptheoten` */;
/*!50003 SET @saved_cs_client      = @@character_set_client */ ;
/*!50003 SET @saved_cs_results     = @@character_set_results */ ;
/*!50003 SET @saved_col_connection = @@collation_connection */ ;
/*!50003 SET character_set_client  = utf8 */ ;
/*!50003 SET character_set_results = utf8 */ ;
/*!50003 SET collation_connection  = utf8_general_ci */ ;
/*!50003 SET @saved_sql_mode       = @@sql_mode */ ;
/*!50003 SET sql_mode              = 'NO_ZERO_IN_DATE,NO_ZERO_DATE,NO_ENGINE_SUBSTITUTION' */ ;
DELIMITER ;;
CREATE DEFINER=`root`@`localhost` PROCEDURE `sapxeptheoten`()
begin
	select *,substring_index(tennv, ' ', -1) as lastname
    	from nhanvien order by lastname;
end ;;
DELIMITER ;
/*!50003 SET sql_mode              = @saved_sql_mode */ ;
/*!50003 SET character_set_client  = @saved_cs_client */ ;
/*!50003 SET character_set_results = @saved_cs_results */ ;
/*!50003 SET collation_connection  = @saved_col_connection */ ;
/*!50003 DROP PROCEDURE IF EXISTS `suathongtinkhachhang` */;
/*!50003 SET @saved_cs_client      = @@character_set_client */ ;
/*!50003 SET @saved_cs_results     = @@character_set_results */ ;
/*!50003 SET @saved_col_connection = @@collation_connection */ ;
/*!50003 SET character_set_client  = utf8 */ ;
/*!50003 SET character_set_results = utf8 */ ;
/*!50003 SET collation_connection  = utf8_general_ci */ ;
/*!50003 SET @saved_sql_mode       = @@sql_mode */ ;
/*!50003 SET sql_mode              = 'NO_ZERO_IN_DATE,NO_ZERO_DATE,NO_ENGINE_SUBSTITUTION' */ ;
DELIMITER ;;
CREATE DEFINER=`root`@`localhost` PROCEDURE `suathongtinkhachhang`(IN ma_kh char(10), IN ten_kh varchar(50), IN cmnd char(15), IN gt char(10), IN sodt char(15), IN dia_chi varchar(100))
begin
	update khachhang set tenkh = ten_kh, cmnd = cmnd, gioitinh = gt, sdt = sodt, diachi = dia_chi
    	where makh = ma_kh;
end ;;
DELIMITER ;
/*!50003 SET sql_mode              = @saved_sql_mode */ ;
/*!50003 SET character_set_client  = @saved_cs_client */ ;
/*!50003 SET character_set_results = @saved_cs_results */ ;
/*!50003 SET collation_connection  = @saved_col_connection */ ;
/*!50003 DROP PROCEDURE IF EXISTS `suathongtinnhanvien` */;
/*!50003 SET @saved_cs_client      = @@character_set_client */ ;
/*!50003 SET @saved_cs_results     = @@character_set_results */ ;
/*!50003 SET @saved_col_connection = @@collation_connection */ ;
/*!50003 SET character_set_client  = utf8 */ ;
/*!50003 SET character_set_results = utf8 */ ;
/*!50003 SET collation_connection  = utf8_general_ci */ ;
/*!50003 SET @saved_sql_mode       = @@sql_mode */ ;
/*!50003 SET sql_mode              = 'NO_ZERO_IN_DATE,NO_ZERO_DATE,NO_ENGINE_SUBSTITUTION' */ ;
DELIMITER ;;
CREATE DEFINER=`root`@`localhost` PROCEDURE `suathongtinnhanvien`(IN ma_nv char(10), IN ten_nv varchar(50), IN ma_cv char(10), IN ns char(5), IN gt char(10), IN diachi varchar(100), IN sodt char(15))
begin
	update nhanvien set tennv = ten_nv, macv = ma_cv, namsinh = ns, gioitinh = gt, diachi = diachi, sdt = sodt
    	where manv = ma_nv;
end ;;
DELIMITER ;
/*!50003 SET sql_mode              = @saved_sql_mode */ ;
/*!50003 SET character_set_client  = @saved_cs_client */ ;
/*!50003 SET character_set_results = @saved_cs_results */ ;
/*!50003 SET collation_connection  = @saved_col_connection */ ;
/*!50003 DROP PROCEDURE IF EXISTS `themkhachhangthuephong` */;
/*!50003 SET @saved_cs_client      = @@character_set_client */ ;
/*!50003 SET @saved_cs_results     = @@character_set_results */ ;
/*!50003 SET @saved_col_connection = @@collation_connection */ ;
/*!50003 SET character_set_client  = utf8 */ ;
/*!50003 SET character_set_results = utf8 */ ;
/*!50003 SET collation_connection  = utf8_general_ci */ ;
/*!50003 SET @saved_sql_mode       = @@sql_mode */ ;
/*!50003 SET sql_mode              = 'NO_ZERO_IN_DATE,NO_ZERO_DATE,NO_ENGINE_SUBSTITUTION' */ ;
DELIMITER ;;
CREATE DEFINER=`root`@`localhost` PROCEDURE `themkhachhangthuephong`( IN makh char(10),  IN ten_kh varchar(50), IN sophong int, IN dongia int, IN thoigian_den char(10))
begin
	insert into thuephong(ma_kh,tenkh,so_phong,dongia_ngay,tgianden) value (makh,ten_kh,sophong,dongia,thoigian_den);
end ;;
DELIMITER ;
/*!50003 SET sql_mode              = @saved_sql_mode */ ;
/*!50003 SET character_set_client  = @saved_cs_client */ ;
/*!50003 SET character_set_results = @saved_cs_results */ ;
/*!50003 SET collation_connection  = @saved_col_connection */ ;
/*!50003 DROP PROCEDURE IF EXISTS `themthongtinhoadon` */;
/*!50003 SET @saved_cs_client      = @@character_set_client */ ;
/*!50003 SET @saved_cs_results     = @@character_set_results */ ;
/*!50003 SET @saved_col_connection = @@collation_connection */ ;
/*!50003 SET character_set_client  = utf8 */ ;
/*!50003 SET character_set_results = utf8 */ ;
/*!50003 SET collation_connection  = utf8_general_ci */ ;
/*!50003 SET @saved_sql_mode       = @@sql_mode */ ;
/*!50003 SET sql_mode              = 'NO_ZERO_IN_DATE,NO_ZERO_DATE,NO_ENGINE_SUBSTITUTION' */ ;
DELIMITER ;;
CREATE DEFINER=`root`@`localhost` PROCEDURE `themthongtinhoadon`(IN ma_kh char(10), IN ten_kh varchar(50), IN sophong int, IN dongia int, IN tgianden char(10), IN tgiandi char(10), IN tong char(20), IN tongtien int)
begin
	set tongtien = dongia * tong;
	insert into hoadon(ma,tenkh,sophong,dongia_ngay,tgianden,tgiandi,tongtgian,tongtien) value (ma_kh,ten_kh,sophong,dongia,tgianden,tgiandi,tong,tongtien);
end ;;
DELIMITER ;
/*!50003 SET sql_mode              = @saved_sql_mode */ ;
/*!50003 SET character_set_client  = @saved_cs_client */ ;
/*!50003 SET character_set_results = @saved_cs_results */ ;
/*!50003 SET collation_connection  = @saved_col_connection */ ;
/*!50003 DROP PROCEDURE IF EXISTS `themthongtinkhachhang` */;
/*!50003 SET @saved_cs_client      = @@character_set_client */ ;
/*!50003 SET @saved_cs_results     = @@character_set_results */ ;
/*!50003 SET @saved_col_connection = @@collation_connection */ ;
/*!50003 SET character_set_client  = utf8 */ ;
/*!50003 SET character_set_results = utf8 */ ;
/*!50003 SET collation_connection  = utf8_general_ci */ ;
/*!50003 SET @saved_sql_mode       = @@sql_mode */ ;
/*!50003 SET sql_mode              = 'NO_ZERO_IN_DATE,NO_ZERO_DATE,NO_ENGINE_SUBSTITUTION' */ ;
DELIMITER ;;
CREATE DEFINER=`root`@`localhost` PROCEDURE `themthongtinkhachhang`(IN ma_kh char(10), IN ten_kh varchar(50),  IN cm char(15), IN gt char(10), IN sodt char(15), IN dia_chi varchar(100))
begin
	insert into khachhang(makh,tenkh,cmnd,gioitinh,sdt,diachi) value (ma_kh,ten_kh,cm,gt,sodt,dia_chi);
end ;;
DELIMITER ;
/*!50003 SET sql_mode              = @saved_sql_mode */ ;
/*!50003 SET character_set_client  = @saved_cs_client */ ;
/*!50003 SET character_set_results = @saved_cs_results */ ;
/*!50003 SET collation_connection  = @saved_col_connection */ ;
/*!50003 DROP PROCEDURE IF EXISTS `themthongtinnhanvien` */;
/*!50003 SET @saved_cs_client      = @@character_set_client */ ;
/*!50003 SET @saved_cs_results     = @@character_set_results */ ;
/*!50003 SET @saved_col_connection = @@collation_connection */ ;
/*!50003 SET character_set_client  = utf8 */ ;
/*!50003 SET character_set_results = utf8 */ ;
/*!50003 SET collation_connection  = utf8_general_ci */ ;
/*!50003 SET @saved_sql_mode       = @@sql_mode */ ;
/*!50003 SET sql_mode              = 'NO_ZERO_IN_DATE,NO_ZERO_DATE,NO_ENGINE_SUBSTITUTION' */ ;
DELIMITER ;;
CREATE DEFINER=`root`@`localhost` PROCEDURE `themthongtinnhanvien`(IN ma_nv char(10), IN ten_nv varchar(50), IN ma_cv char(10), IN ns char(5), IN gt char(10), IN diachi varchar(100), IN sodt char(15))
begin
	insert into nhanvien(manv,tennv,macv,namsinh,gioitinh,diachi,sdt) value (ma_nv,ten_nv,ma_cv,ns,gt,diachi,sodt);
end ;;
DELIMITER ;
/*!50003 SET sql_mode              = @saved_sql_mode */ ;
/*!50003 SET character_set_client  = @saved_cs_client */ ;
/*!50003 SET character_set_results = @saved_cs_results */ ;
/*!50003 SET collation_connection  = @saved_col_connection */ ;
/*!50003 DROP PROCEDURE IF EXISTS `timkhachhang` */;
/*!50003 SET @saved_cs_client      = @@character_set_client */ ;
/*!50003 SET @saved_cs_results     = @@character_set_results */ ;
/*!50003 SET @saved_col_connection = @@collation_connection */ ;
/*!50003 SET character_set_client  = utf8 */ ;
/*!50003 SET character_set_results = utf8 */ ;
/*!50003 SET collation_connection  = utf8_general_ci */ ;
/*!50003 SET @saved_sql_mode       = @@sql_mode */ ;
/*!50003 SET sql_mode              = 'NO_ZERO_IN_DATE,NO_ZERO_DATE,NO_ENGINE_SUBSTITUTION' */ ;
DELIMITER ;;
CREATE DEFINER=`root`@`localhost` PROCEDURE `timkhachhang`(IN dulieu varchar(50))
begin
	select * from khachhang 
    	where (makh like concat('%',dulieu,'%')) or (tenkh like concat('%',dulieu,'%'));
end ;;
DELIMITER ;
/*!50003 SET sql_mode              = @saved_sql_mode */ ;
/*!50003 SET character_set_client  = @saved_cs_client */ ;
/*!50003 SET character_set_results = @saved_cs_results */ ;
/*!50003 SET collation_connection  = @saved_col_connection */ ;
/*!50003 DROP PROCEDURE IF EXISTS `timnhanvien` */;
/*!50003 SET @saved_cs_client      = @@character_set_client */ ;
/*!50003 SET @saved_cs_results     = @@character_set_results */ ;
/*!50003 SET @saved_col_connection = @@collation_connection */ ;
/*!50003 SET character_set_client  = utf8 */ ;
/*!50003 SET character_set_results = utf8 */ ;
/*!50003 SET collation_connection  = utf8_general_ci */ ;
/*!50003 SET @saved_sql_mode       = @@sql_mode */ ;
/*!50003 SET sql_mode              = 'NO_ZERO_IN_DATE,NO_ZERO_DATE,NO_ENGINE_SUBSTITUTION' */ ;
DELIMITER ;;
CREATE DEFINER=`root`@`localhost` PROCEDURE `timnhanvien`(IN dulieu varchar(50))
begin
	select * from nhanvien 
    	where (manv like concat('%',dulieu,'%')) or (tennv like concat('%',dulieu,'%'));
end ;;
DELIMITER ;
/*!50003 SET sql_mode              = @saved_sql_mode */ ;
/*!50003 SET character_set_client  = @saved_cs_client */ ;
/*!50003 SET character_set_results = @saved_cs_results */ ;
/*!50003 SET collation_connection  = @saved_col_connection */ ;
/*!50003 DROP PROCEDURE IF EXISTS `xoakhachhang` */;
/*!50003 SET @saved_cs_client      = @@character_set_client */ ;
/*!50003 SET @saved_cs_results     = @@character_set_results */ ;
/*!50003 SET @saved_col_connection = @@collation_connection */ ;
/*!50003 SET character_set_client  = utf8 */ ;
/*!50003 SET character_set_results = utf8 */ ;
/*!50003 SET collation_connection  = utf8_general_ci */ ;
/*!50003 SET @saved_sql_mode       = @@sql_mode */ ;
/*!50003 SET sql_mode              = 'NO_ZERO_IN_DATE,NO_ZERO_DATE,NO_ENGINE_SUBSTITUTION' */ ;
DELIMITER ;;
CREATE DEFINER=`root`@`localhost` PROCEDURE `xoakhachhang`(IN ma_kh char(10))
begin
	delete from khachhang where makh = ma_kh;
end ;;
DELIMITER ;
/*!50003 SET sql_mode              = @saved_sql_mode */ ;
/*!50003 SET character_set_client  = @saved_cs_client */ ;
/*!50003 SET character_set_results = @saved_cs_results */ ;
/*!50003 SET collation_connection  = @saved_col_connection */ ;
/*!50003 DROP PROCEDURE IF EXISTS `xoanhanvien` */;
/*!50003 SET @saved_cs_client      = @@character_set_client */ ;
/*!50003 SET @saved_cs_results     = @@character_set_results */ ;
/*!50003 SET @saved_col_connection = @@collation_connection */ ;
/*!50003 SET character_set_client  = utf8 */ ;
/*!50003 SET character_set_results = utf8 */ ;
/*!50003 SET collation_connection  = utf8_general_ci */ ;
/*!50003 SET @saved_sql_mode       = @@sql_mode */ ;
/*!50003 SET sql_mode              = 'NO_ZERO_IN_DATE,NO_ZERO_DATE,NO_ENGINE_SUBSTITUTION' */ ;
DELIMITER ;;
CREATE DEFINER=`root`@`localhost` PROCEDURE `xoanhanvien`(IN ma_nv char(10))
begin
	delete from nhanvien where manv = ma_nv;
end ;;
DELIMITER ;
/*!50003 SET sql_mode              = @saved_sql_mode */ ;
/*!50003 SET character_set_client  = @saved_cs_client */ ;
/*!50003 SET character_set_results = @saved_cs_results */ ;
/*!50003 SET collation_connection  = @saved_col_connection */ ;
/*!40103 SET TIME_ZONE=@OLD_TIME_ZONE */;

/*!40101 SET SQL_MODE=@OLD_SQL_MODE */;
/*!40014 SET FOREIGN_KEY_CHECKS=@OLD_FOREIGN_KEY_CHECKS */;
/*!40014 SET UNIQUE_CHECKS=@OLD_UNIQUE_CHECKS */;
/*!40101 SET CHARACTER_SET_CLIENT=@OLD_CHARACTER_SET_CLIENT */;
/*!40101 SET CHARACTER_SET_RESULTS=@OLD_CHARACTER_SET_RESULTS */;
/*!40101 SET COLLATION_CONNECTION=@OLD_COLLATION_CONNECTION */;
/*!40111 SET SQL_NOTES=@OLD_SQL_NOTES */;

-- Dump completed on 2020-12-29 22:11:49
